id,userId,destinationId,rating,nickname,title
2,1,1,5,Dr. Meredith Boyle,감포선착장
3,1,1,0,Dr. Meredith Boyle,감포선착장
4,1,2,2,Dr. Meredith Boyle,감포항
5,1,8,1,Dr. Meredith Boyle,경주 경애왕릉
6,1,32,3,Dr. Meredith Boyle,경주 동궁원
7,1,57,4,Dr. Meredith Boyle,경주 양동마을 [유네스코 세계문화유산]
8,1,61,4,Dr. Meredith Boyle,경주 유연정
9,1,73,3,Dr. Meredith Boyle,경주 탈해왕릉
10,1,75,1,Dr. Meredith Boyle,경주 풍력발전(바람의언덕)
11,1,114,3,Dr. Meredith Boyle,단구서원
12,1,127,4,Dr. Meredith Boyle,보리사마애석불
13,1,132,1,Dr. Meredith Boyle,분황사
14,1,165,4,Dr. Meredith Boyle,인용사지
15,1,170,2,Dr. Meredith Boyle,주렁주렁 (경주 보문점)
16,1,197,1,Dr. Meredith Boyle,국립경주박물관
17,1,204,2,Dr. Meredith Boyle,키덜트뮤지엄
18,2,41,1,Max O'Conner,경주 버드파크
19,2,84,4,Max O'Conner,경주능지탑지
20,2,143,2,Max O'Conner,수리뫼 [한국전통음식체험교육원]
21,2,149,0,Max O'Conner,양동 서백당
22,2,171,1,Max O'Conner,주사암(경주)
23,2,172,2,Max O'Conner,직천서원
24,3,21,3,Miss Brendan Altenwerth,경주 남산 용장사곡 삼층석탑
25,3,47,4,Miss Brendan Altenwerth,경주 서출지
26,3,58,3,Miss Brendan Altenwerth,경주 오릉
27,3,73,3,Miss Brendan Altenwerth,경주 탈해왕릉
28,3,91,2,Miss Brendan Altenwerth,경주역사유적지구[유네스코 세계문화유산]
29,3,121,3,Miss Brendan Altenwerth,망월사(경주)
30,3,173,3,Miss Brendan Altenwerth,진평왕릉
31,3,188,2,Miss Brendan Altenwerth,흥무공원
32,3,190,4,Miss Brendan Altenwerth,경주문화원
33,3,204,3,Miss Brendan Altenwerth,키덜트뮤지엄
34,3,205,4,Miss Brendan Altenwerth,한국대중음악박물관 (경주)
35,4,8,1,Jimmy O'Reilly,경주 경애왕릉
36,4,10,2,Jimmy O'Reilly,경주 골굴암 마애여래좌상
37,4,15,3,Jimmy O'Reilly,경주 김유신묘
38,4,44,1,Jimmy O'Reilly,경주 불국사 [유네스코 세계문화유산]
39,4,67,4,Jimmy O'Reilly,경주 정강왕릉
40,4,83,4,Jimmy O'Reilly,경주국립공원
41,4,96,0,Jimmy O'Reilly,경주향교
42,4,127,2,Jimmy O'Reilly,보리사마애석불
43,4,131,1,Jimmy O'Reilly,봉길대왕암해변
44,4,136,2,Jimmy O'Reilly,삼릉숲
45,4,141,1,Jimmy O'Reilly,성덕대왕신종
46,4,143,1,Jimmy O'Reilly,수리뫼 [한국전통음식체험교육원]
47,4,158,4,Jimmy O'Reilly,용굴
48,4,170,4,Jimmy O'Reilly,주렁주렁 (경주 보문점)
49,4,198,4,Jimmy O'Reilly,동국대학교 WISE캠퍼스박물관
50,5,7,4,Gwendolyn Zieme PhD,경주 경덕왕릉
51,5,28,2,Gwendolyn Zieme PhD,경주 내물왕릉
52,5,94,0,Gwendolyn Zieme PhD,경주읍성
53,5,107,4,Gwendolyn Zieme PhD,금장대 수변공원
54,5,157,1,Gwendolyn Zieme PhD,와우 주
55,5,163,3,Gwendolyn Zieme PhD,육부전
56,5,168,2,Gwendolyn Zieme PhD,전촌항
57,5,182,1,Gwendolyn Zieme PhD,한국역사문화음식학교 라선재
58,5,183,1,Gwendolyn Zieme PhD,화랑마을
59,5,203,0,Gwendolyn Zieme PhD,추억의 달동네
60,6,21,4,Eddie Hammes,경주 남산 용장사곡 삼층석탑
61,6,29,3,Eddie Hammes,경주 대릉원 일원
62,6,47,0,Eddie Hammes,경주 서출지
63,6,74,4,Eddie Hammes,경주 포석정지
64,6,108,3,Eddie Hammes,기림사
65,6,122,4,Eddie Hammes,명활산성
66,6,135,1,Eddie Hammes,삼릉계곡마애석가여래좌상
67,6,146,0,Eddie Hammes,신라왕경숲
68,6,155,1,Eddie Hammes,옥산 세심마을
69,6,187,4,Eddie Hammes,황성공원
70,7,1,2,Erica Quigley,감포선착장
71,7,13,4,Erica Quigley,경주 굴불사지 석조사면불상
72,7,49,4,Erica Quigley,경주 석빙고
73,7,60,4,Erica Quigley,경주 월성(반월성)
74,7,90,4,Erica Quigley,경주엑스포대공원
75,7,92,4,Erica Quigley,경주월드 어뮤즈먼트
76,7,104,4,Erica Quigley,금곡사
77,7,162,4,Erica Quigley,월정교
78,7,174,0,Erica Quigley,천룡사(경주)
79,7,182,2,Erica Quigley,한국역사문화음식학교 라선재
80,7,199,1,Erica Quigley,또봇정크아트뮤지엄(경주또봇정크아트뮤지엄)
81,8,17,3,Mabel Wilderman,경주 남산
82,8,29,4,Mabel Wilderman,경주 대릉원 일원
83,8,54,3,Mabel Wilderman,경주 쌈밥거리
84,8,73,4,Mabel Wilderman,경주 탈해왕릉
85,8,85,0,Mabel Wilderman,경주민속공예촌
86,8,122,0,Mabel Wilderman,명활산성
87,8,141,0,Mabel Wilderman,성덕대왕신종
88,8,183,4,Mabel Wilderman,화랑마을
89,8,186,3,Mabel Wilderman,황룡원
90,8,190,0,Mabel Wilderman,경주문화원
91,9,11,0,Tiffany Schowalter,경주 교촌마을
92,9,22,3,Tiffany Schowalter,경주 남산 용장사지 마애여래좌상
93,9,28,1,Tiffany Schowalter,경주 내물왕릉
94,9,45,1,Tiffany Schowalter,경주 산에들레마을
95,9,60,2,Tiffany Schowalter,경주 월성(반월성)
96,9,63,0,Tiffany Schowalter,경주 이견대
97,9,88,2,Tiffany Schowalter,경주석장동암각화
98,9,107,1,Tiffany Schowalter,금장대 수변공원
99,9,174,2,Tiffany Schowalter,천룡사(경주)
100,10,5,4,Lynne Sanford,경상북도 산림환경연구원
101,10,10,4,Lynne Sanford,경주 골굴암 마애여래좌상
102,10,13,2,Lynne Sanford,경주 굴불사지 석조사면불상
103,10,17,1,Lynne Sanford,경주 남산
104,10,21,1,Lynne Sanford,경주 남산 용장사곡 삼층석탑
105,10,28,2,Lynne Sanford,경주 내물왕릉
106,10,74,0,Lynne Sanford,경주 포석정지
107,10,87,1,Lynne Sanford,경주백악기월드(백악기월드)
108,10,91,1,Lynne Sanford,경주역사유적지구[유네스코 세계문화유산]
109,10,130,1,Lynne Sanford,보문호
110,10,137,4,Lynne Sanford,삼불사
111,10,145,2,Lynne Sanford,신라 월성대군 단소
112,10,170,0,Lynne Sanford,주렁주렁 (경주 보문점)
113,10,173,3,Lynne Sanford,진평왕릉
114,11,9,2,Arturo Kautzer,경주 계림
115,11,21,2,Arturo Kautzer,경주 남산 용장사곡 삼층석탑
116,11,50,1,Arturo Kautzer,경주 선덕여왕릉
117,11,53,2,Arturo Kautzer,경주 신문왕릉
118,11,116,3,Arturo Kautzer,더케이경주호텔 스파온천
119,11,123,4,Arturo Kautzer,무장산
120,11,128,1,Arturo Kautzer,보문숲머리먹거리촌
121,11,169,4,Arturo Kautzer,정글의 법칙 미디어파크
122,11,170,1,Arturo Kautzer,주렁주렁 (경주 보문점)
123,11,181,3,Arturo Kautzer,한국수력원자력 본사 홍보관
124,11,193,1,Arturo Kautzer,경주솔거미술관(솔거미술관)
125,12,51,3,Stewart Walsh,경주 성덕왕릉
126,12,69,2,Stewart Walsh,경주 지마왕릉
127,12,94,2,Stewart Walsh,경주읍성
128,12,123,2,Stewart Walsh,무장산
129,12,128,3,Stewart Walsh,보문숲머리먹거리촌
130,12,182,3,Stewart Walsh,한국역사문화음식학교 라선재
131,12,183,4,Stewart Walsh,화랑마을
132,12,184,0,Stewart Walsh,화랑의 언덕
133,12,204,3,Stewart Walsh,키덜트뮤지엄
134,13,54,0,Arlene Towne,경주 쌈밥거리
135,13,63,1,Arlene Towne,경주 이견대
136,13,70,4,Arlene Towne,경주 진덕여왕릉
137,13,93,4,Arlene Towne,경주월드 캘리포니아비치
138,13,126,3,Arlene Towne,보리사(경주)
139,13,154,3,Arlene Towne,오류고아라해변
140,13,160,1,Arlene Towne,운곡서원
141,13,181,4,Arlene Towne,한국수력원자력 본사 홍보관
142,13,204,0,Arlene Towne,키덜트뮤지엄
143,14,33,3,Clayton O'Hara I,경주 동방동 와요지
144,14,74,3,Clayton O'Hara I,경주 포석정지
145,14,86,1,Clayton O'Hara I,경주배리석불입상
146,14,96,0,Clayton O'Hara I,경주향교
147,14,104,3,Clayton O'Hara I,금곡사
148,14,109,2,Clayton O'Hara I,꽃마을 경주한방병원
149,14,176,4,Clayton O'Hara I,충의당
150,14,190,0,Clayton O'Hara I,경주문화원
151,14,197,0,Clayton O'Hara I,국립경주박물관
152,14,202,2,Clayton O'Hara I,월성원자력홍보관
153,15,76,0,Jordan King,경주 헌강왕릉
154,15,84,2,Jordan King,경주능지탑지
155,15,119,1,Jordan King,동창천 청룡폭포(청룡인공폭포)
156,15,120,4,Jordan King,마우나오션리조트 블루 워터
157,15,179,4,Jordan King,토함산자연휴양림
158,15,206,2,Jordan King,황룡사역사문화관
159,16,42,3,Tonya Parisian II,경주 법흥왕릉
160,16,102,1,Tonya Parisian II,국민힐링파크
161,16,113,0,Tonya Parisian II,남산 화강암 (경북 동해안 국가지질공원)
162,16,133,4,Tonya Parisian II,분황사청보리밭
163,16,147,4,Tonya Parisian II,야호(夜好) 경주! 신라달빛기행(경주일원)
164,16,149,1,Tonya Parisian II,양동 서백당
165,16,155,4,Tonya Parisian II,옥산 세심마을
166,17,13,2,Mercedes Ziemann,경주 굴불사지 석조사면불상
167,17,22,1,Mercedes Ziemann,경주 남산 용장사지 마애여래좌상
168,17,25,1,Mercedes Ziemann,경주 남산 탑곡 마애불상군
169,17,27,4,Mercedes Ziemann,경주 낭산 일원
170,17,45,3,Mercedes Ziemann,경주 산에들레마을
171,17,74,3,Mercedes Ziemann,경주 포석정지
172,17,147,3,Mercedes Ziemann,야호(夜好) 경주! 신라달빛기행(경주일원)
173,17,160,1,Mercedes Ziemann,운곡서원
174,17,202,1,Mercedes Ziemann,월성원자력홍보관
175,18,8,1,Lowell Gottlieb,경주 경애왕릉
176,18,9,3,Lowell Gottlieb,경주 계림
177,18,38,3,Lowell Gottlieb,경주 문무대왕릉
178,18,43,2,Lowell Gottlieb,경주 보문관광단지
179,18,47,2,Lowell Gottlieb,경주 서출지
180,18,63,4,Lowell Gottlieb,경주 이견대
181,18,97,4,Lowell Gottlieb,골굴사(경주)
182,18,167,3,Lowell Gottlieb,전촌솔밭해변
183,18,199,0,Lowell Gottlieb,또봇정크아트뮤지엄(경주또봇정크아트뮤지엄)
184,18,203,4,Lowell Gottlieb,추억의 달동네
185,19,18,0,Kendra Daugherty,경주 남산 미륵곡 석조여래좌상
186,19,19,3,Kendra Daugherty,경주 남산 불곡 마애여래좌상
187,19,36,0,Kendra Daugherty,경주 망덕사지
188,19,40,3,Kendra Daugherty,경주 배동 석조여래삼존입상
189,19,43,0,Kendra Daugherty,경주 보문관광단지
190,19,49,3,Kendra Daugherty,경주 석빙고
191,19,50,2,Kendra Daugherty,경주 선덕여왕릉
192,19,64,1,Kendra Daugherty,경주 일성왕릉
193,19,93,3,Kendra Daugherty,경주월드 캘리포니아비치
194,19,96,0,Kendra Daugherty,경주향교
195,19,156,3,Kendra Daugherty,옥산서원 [유네스코 세계문화유산]
196,19,164,1,Kendra Daugherty,이상복경주빵
197,19,190,2,Kendra Daugherty,경주문화원
198,20,1,4,Antonio Heaney,감포선착장
199,20,9,2,Antonio Heaney,경주 계림
200,20,10,4,Antonio Heaney,경주 골굴암 마애여래좌상
201,20,42,4,Antonio Heaney,경주 법흥왕릉
202,20,43,1,Antonio Heaney,경주 보문관광단지
203,20,83,2,Antonio Heaney,경주국립공원
204,20,91,3,Antonio Heaney,경주역사유적지구[유네스코 세계문화유산]
205,20,97,0,Antonio Heaney,골굴사(경주)
206,20,114,0,Antonio Heaney,단구서원
207,20,122,1,Antonio Heaney,명활산성
208,20,134,1,Antonio Heaney,블루원 워터파크
209,20,140,0,Antonio Heaney,선덕여왕공원
210,20,147,0,Antonio Heaney,야호(夜好) 경주! 신라달빛기행(경주일원)
211,20,154,2,Antonio Heaney,오류고아라해변
212,20,197,1,Antonio Heaney,국립경주박물관
213,20,202,1,Antonio Heaney,월성원자력홍보관
214,21,53,0,Mercedes Simonis,경주 신문왕릉
215,21,104,1,Mercedes Simonis,금곡사
216,21,130,2,Mercedes Simonis,보문호
217,21,136,3,Mercedes Simonis,삼릉숲
218,21,154,2,Mercedes Simonis,오류고아라해변
219,21,162,1,Mercedes Simonis,월정교
220,21,172,1,Mercedes Simonis,직천서원
221,21,188,2,Mercedes Simonis,흥무공원
222,21,193,4,Mercedes Simonis,경주솔거미술관(솔거미술관)
223,21,197,4,Mercedes Simonis,국립경주박물관
224,22,20,3,Carrie Rath,경주 남산 신선암 마애보살반가상
225,22,22,2,Carrie Rath,경주 남산 용장사지 마애여래좌상
226,22,57,0,Carrie Rath,경주 양동마을 [유네스코 세계문화유산]
227,22,65,4,Carrie Rath,경주 장항리 서 오층석탑
228,22,114,0,Carrie Rath,단구서원
229,22,124,4,Carrie Rath,문화체험마당 해누리
230,22,143,0,Carrie Rath,수리뫼 [한국전통음식체험교육원]
231,22,159,1,Carrie Rath,용산서원(경주)
232,22,185,3,Carrie Rath,화랑의언덕
233,22,195,2,Carrie Rath,경주예술의전당
234,22,197,0,Carrie Rath,국립경주박물관
235,22,202,0,Carrie Rath,월성원자력홍보관
236,23,44,0,Ethel Olson,경주 불국사 [유네스코 세계문화유산]
237,23,45,0,Ethel Olson,경주 산에들레마을
238,23,82,0,Ethel Olson,경주 흥덕왕릉
239,23,84,2,Ethel Olson,경주능지탑지
240,23,112,0,Ethel Olson,나정고운모래해변
241,23,133,3,Ethel Olson,분황사청보리밭
242,23,146,4,Ethel Olson,신라왕경숲
243,23,147,0,Ethel Olson,야호(夜好) 경주! 신라달빛기행(경주일원)
244,23,170,3,Ethel Olson,주렁주렁 (경주 보문점)
245,23,185,2,Ethel Olson,화랑의언덕
246,24,14,4,George Wolff,경주 금척리 고분군
247,24,20,3,George Wolff,경주 남산 신선암 마애보살반가상
248,24,35,3,George Wolff,경주 마우나오션 관광단지
249,24,99,3,George Wolff,관문산
250,24,119,3,George Wolff,동창천 청룡폭포(청룡인공폭포)
251,24,133,0,George Wolff,분황사청보리밭
252,24,134,2,George Wolff,블루원 워터파크
253,24,147,1,George Wolff,야호(夜好) 경주! 신라달빛기행(경주일원)
254,24,178,2,George Wolff,토함산
255,24,183,1,George Wolff,화랑마을
256,24,184,2,George Wolff,화랑의 언덕
257,25,12,3,Kelly Dickinson,경주 구정동 방형분
258,25,27,1,Kelly Dickinson,경주 낭산 일원
259,25,59,3,Kelly Dickinson,경주 원성왕릉
260,25,100,4,Kelly Dickinson,관성솔밭해변
261,25,116,4,Kelly Dickinson,더케이경주호텔 스파온천
262,25,157,3,Kelly Dickinson,와우 주
263,26,6,1,Henrietta Moen,경주 감은사지
264,26,51,3,Henrietta Moen,경주 성덕왕릉
265,26,53,2,Henrietta Moen,경주 신문왕릉
266,26,63,4,Henrietta Moen,경주 이견대
267,26,68,1,Henrietta Moen,경주 정혜사지 십삼층석탑
268,26,103,3,Henrietta Moen,귀산서원
269,26,121,1,Henrietta Moen,망월사(경주)
270,26,160,4,Henrietta Moen,운곡서원
271,27,33,2,Cecil Mitchell,경주 동방동 와요지
272,27,51,1,Cecil Mitchell,경주 성덕왕릉
273,27,52,0,Cecil Mitchell,경주 신무왕릉
274,27,57,2,Cecil Mitchell,경주 양동마을 [유네스코 세계문화유산]
275,27,68,0,Cecil Mitchell,경주 정혜사지 십삼층석탑
276,27,86,0,Cecil Mitchell,경주배리석불입상
277,27,117,2,Cecil Mitchell,도리마을은행나무숲
278,27,120,2,Cecil Mitchell,마우나오션리조트 블루 워터
279,27,122,1,Cecil Mitchell,명활산성
280,27,191,3,Cecil Mitchell,경주문화원 안강교육장
281,28,3,2,Jenna Connelly,건천편백나무숲
282,28,9,0,Jenna Connelly,경주 계림
283,28,10,0,Jenna Connelly,경주 골굴암 마애여래좌상
284,28,11,3,Jenna Connelly,경주 교촌마을
285,28,17,1,Jenna Connelly,경주 남산
286,28,26,2,Jenna Connelly,경주 남산동 동ㆍ서 삼층석탑
287,28,34,1,Jenna Connelly,경주 동부 사적지대
288,28,54,1,Jenna Connelly,경주 쌈밥거리
289,28,55,0,Jenna Connelly,경주 양남 주상절리 전망대
290,28,137,4,Jenna Connelly,삼불사
291,28,152,2,Jenna Connelly,연지암(경주)
292,28,153,2,Jenna Connelly,영지석불좌상
293,28,204,4,Jenna Connelly,키덜트뮤지엄
294,29,25,1,Deanna Welch,경주 남산 탑곡 마애불상군
295,29,28,1,Deanna Welch,경주 내물왕릉
296,29,29,1,Deanna Welch,경주 대릉원 일원
297,29,32,2,Deanna Welch,경주 동궁원
298,29,42,4,Deanna Welch,경주 법흥왕릉
299,29,61,1,Deanna Welch,경주 유연정
300,29,62,4,Deanna Welch,경주 율동 마애여래삼존입상
301,29,66,0,Deanna Welch,경주 재매정
302,29,83,1,Deanna Welch,경주국립공원
303,29,90,1,Deanna Welch,경주엑스포대공원
304,29,128,3,Deanna Welch,보문숲머리먹거리촌
305,29,129,3,Deanna Welch,보문정 (경주)
306,29,154,3,Deanna Welch,오류고아라해변
307,29,157,2,Deanna Welch,와우 주
308,29,165,1,Deanna Welch,인용사지
309,29,196,3,Deanna Welch,경주화백컨벤션센터
310,30,32,2,Audrey Nicolas Sr.,경주 동궁원
311,30,34,3,Audrey Nicolas Sr.,경주 동부 사적지대
312,30,46,0,Audrey Nicolas Sr.,경주 서악동 고분군
313,30,51,0,Audrey Nicolas Sr.,경주 성덕왕릉
314,30,63,4,Audrey Nicolas Sr.,경주 이견대
315,30,74,1,Audrey Nicolas Sr.,경주 포석정지
316,30,100,4,Audrey Nicolas Sr.,관성솔밭해변
317,30,130,1,Audrey Nicolas Sr.,보문호
318,30,149,3,Audrey Nicolas Sr.,양동 서백당
319,30,159,2,Audrey Nicolas Sr.,용산서원(경주)
320,30,162,4,Audrey Nicolas Sr.,월정교
321,30,182,2,Audrey Nicolas Sr.,한국역사문화음식학교 라선재
322,30,190,4,Audrey Nicolas Sr.,경주문화원
323,30,201,3,Audrey Nicolas Sr.,우양미술관
324,31,19,2,Rufus Runte,경주 남산 불곡 마애여래좌상
325,31,25,4,Rufus Runte,경주 남산 탑곡 마애불상군
326,31,65,2,Rufus Runte,경주 장항리 서 오층석탑
327,31,95,0,Rufus Runte,경주핑크뮬리(경주핑크뮬리군락지)
328,31,127,1,Rufus Runte,보리사마애석불
329,31,142,3,Rufus Runte,송대말 등대
330,31,160,1,Rufus Runte,운곡서원
331,31,177,0,Rufus Runte,코라드 청정누리공원(코라디움)
332,31,178,1,Rufus Runte,토함산
333,31,185,4,Rufus Runte,화랑의언덕
334,31,198,3,Rufus Runte,동국대학교 WISE캠퍼스박물관
335,31,200,0,Rufus Runte,신라역사과학관
336,32,7,0,Patricia Reichel,경주 경덕왕릉
337,32,13,0,Patricia Reichel,경주 굴불사지 석조사면불상
338,32,114,1,Patricia Reichel,단구서원
339,32,153,0,Patricia Reichel,영지석불좌상
340,32,173,4,Patricia Reichel,진평왕릉
341,32,185,2,Patricia Reichel,화랑의언덕
342,32,197,2,Patricia Reichel,국립경주박물관
343,33,4,3,Miss Raymond Berge,경산서원
344,33,33,1,Miss Raymond Berge,경주 동방동 와요지
345,33,36,4,Miss Raymond Berge,경주 망덕사지
346,33,52,3,Miss Raymond Berge,경주 신무왕릉
347,33,66,1,Miss Raymond Berge,경주 재매정
348,33,74,0,Miss Raymond Berge,경주 포석정지
349,33,88,2,Miss Raymond Berge,경주석장동암각화
350,33,118,1,Miss Raymond Berge,동강서원
351,33,122,0,Miss Raymond Berge,명활산성
352,33,169,4,Miss Raymond Berge,정글의 법칙 미디어파크
353,33,174,4,Miss Raymond Berge,천룡사(경주)
354,33,191,4,Miss Raymond Berge,경주문화원 안강교육장
355,34,44,0,Delia Hilll PhD,경주 불국사 [유네스코 세계문화유산]
356,34,79,0,Delia Hilll PhD,경주 황리단길
357,34,107,0,Delia Hilll PhD,금장대 수변공원
358,34,110,3,Delia Hilll PhD,나산서원
359,34,145,3,Delia Hilll PhD,신라 월성대군 단소
360,34,161,1,Delia Hilll PhD,월성한마음동산
361,34,184,4,Delia Hilll PhD,화랑의 언덕
362,34,203,0,Delia Hilll PhD,추억의 달동네
363,35,12,0,Tina Hermiston,경주 구정동 방형분
364,35,15,3,Tina Hermiston,경주 김유신묘
365,35,33,2,Tina Hermiston,경주 동방동 와요지
366,35,45,1,Tina Hermiston,경주 산에들레마을
367,35,130,3,Tina Hermiston,보문호
368,35,155,1,Tina Hermiston,옥산 세심마을
369,35,198,1,Tina Hermiston,동국대학교 WISE캠퍼스박물관
370,35,199,2,Tina Hermiston,또봇정크아트뮤지엄(경주또봇정크아트뮤지엄)
371,36,42,3,Hattie Williamson,경주 법흥왕릉
372,36,45,2,Hattie Williamson,경주 산에들레마을
373,36,115,2,Hattie Williamson,단석산
374,36,117,2,Hattie Williamson,도리마을은행나무숲
375,36,134,1,Hattie Williamson,블루원 워터파크
376,36,138,3,Hattie Williamson,삼화령
377,36,175,2,Hattie Williamson,천마총(대릉원)
378,36,193,2,Hattie Williamson,경주솔거미술관(솔거미술관)
379,36,205,4,Hattie Williamson,한국대중음악박물관 (경주)
380,36,206,1,Hattie Williamson,황룡사역사문화관
381,37,6,4,Dwight Harber,경주 감은사지
382,37,23,4,Dwight Harber,경주 남산 전 염불사지
383,37,25,4,Dwight Harber,경주 남산 탑곡 마애불상군
384,37,50,4,Dwight Harber,경주 선덕여왕릉
385,37,53,0,Dwight Harber,경주 신문왕릉
386,37,55,2,Dwight Harber,경주 양남 주상절리 전망대
387,37,80,4,Dwight Harber,경주 효공왕릉
388,37,125,4,Dwight Harber,백률사(경주)
389,37,138,3,Dwight Harber,삼화령
390,37,143,4,Dwight Harber,수리뫼 [한국전통음식체험교육원]
391,37,145,1,Dwight Harber,신라 월성대군 단소
392,37,172,3,Dwight Harber,직천서원
393,37,182,1,Dwight Harber,한국역사문화음식학교 라선재
394,38,17,0,Cynthia Bartoletti,경주 남산
395,38,22,1,Cynthia Bartoletti,경주 남산 용장사지 마애여래좌상
396,38,26,0,Cynthia Bartoletti,경주 남산동 동ㆍ서 삼층석탑
397,38,31,3,Cynthia Bartoletti,경주 동궁과 월지
398,38,36,4,Cynthia Bartoletti,경주 망덕사지
399,38,53,1,Cynthia Bartoletti,경주 신문왕릉
400,38,83,0,Cynthia Bartoletti,경주국립공원
401,38,101,1,Cynthia Bartoletti,구강서원
402,38,111,4,Cynthia Bartoletti,나아해변
403,38,112,2,Cynthia Bartoletti,나정고운모래해변
404,39,22,0,Leon Stehr,경주 남산 용장사지 마애여래좌상
405,39,34,1,Leon Stehr,경주 동부 사적지대
406,39,62,4,Leon Stehr,경주 율동 마애여래삼존입상
407,39,99,2,Leon Stehr,관문산
408,39,125,3,Leon Stehr,백률사(경주)
409,39,151,4,Leon Stehr,연동어촌체험마을
410,39,161,3,Leon Stehr,월성한마음동산
411,40,15,0,Louis Dach,경주 김유신묘
412,40,57,1,Louis Dach,경주 양동마을 [유네스코 세계문화유산]
413,40,72,4,Louis Dach,경주 최준선생 생가 (경주최부자댁)
414,40,76,1,Louis Dach,경주 헌강왕릉
415,40,79,0,Louis Dach,경주 황리단길
416,40,88,2,Louis Dach,경주석장동암각화
417,40,111,1,Louis Dach,나아해변
418,40,151,4,Louis Dach,연동어촌체험마을
419,40,153,4,Louis Dach,영지석불좌상
420,40,179,2,Louis Dach,토함산자연휴양림
421,40,182,0,Louis Dach,한국역사문화음식학교 라선재
422,41,8,1,Larry McCullough,경주 경애왕릉
423,41,92,4,Larry McCullough,경주월드 어뮤즈먼트
424,41,138,0,Larry McCullough,삼화령
425,41,147,3,Larry McCullough,야호(夜好) 경주! 신라달빛기행(경주일원)
426,41,169,4,Larry McCullough,정글의 법칙 미디어파크
427,41,176,4,Larry McCullough,충의당
428,42,2,3,Louis Nolan,감포항
429,42,7,3,Louis Nolan,경주 경덕왕릉
430,42,9,3,Louis Nolan,경주 계림
431,42,14,3,Louis Nolan,경주 금척리 고분군
432,42,34,0,Louis Nolan,경주 동부 사적지대
433,42,41,4,Louis Nolan,경주 버드파크
434,42,76,0,Louis Nolan,경주 헌강왕릉
435,42,85,4,Louis Nolan,경주민속공예촌
436,42,91,3,Louis Nolan,경주역사유적지구[유네스코 세계문화유산]
437,42,133,2,Louis Nolan,분황사청보리밭
438,42,147,1,Louis Nolan,야호(夜好) 경주! 신라달빛기행(경주일원)
439,42,186,1,Louis Nolan,황룡원
440,42,200,3,Louis Nolan,신라역사과학관
441,43,38,2,Lola Runolfsson,경주 문무대왕릉
442,43,47,4,Lola Runolfsson,경주 서출지
443,43,68,1,Lola Runolfsson,경주 정혜사지 십삼층석탑
444,43,75,4,Lola Runolfsson,경주 풍력발전(바람의언덕)
445,43,131,2,Lola Runolfsson,봉길대왕암해변
446,43,140,3,Lola Runolfsson,선덕여왕공원
447,43,162,4,Lola Runolfsson,월정교
448,44,37,0,Rodolfo O'Connell III,"경주 무열왕릉, 태종무열왕릉비"
449,44,44,3,Rodolfo O'Connell III,경주 불국사 [유네스코 세계문화유산]
450,44,78,3,Rodolfo O'Connell III,경주 황룡사지
451,44,105,1,Rodolfo O'Connell III,금관총
452,44,115,2,Rodolfo O'Connell III,단석산
453,44,137,0,Rodolfo O'Connell III,삼불사
454,44,139,2,Rodolfo O'Connell III,서악서원
455,44,146,3,Rodolfo O'Connell III,신라왕경숲
456,44,181,4,Rodolfo O'Connell III,한국수력원자력 본사 홍보관
457,44,198,1,Rodolfo O'Connell III,동국대학교 WISE캠퍼스박물관
458,44,199,4,Rodolfo O'Connell III,또봇정크아트뮤지엄(경주또봇정크아트뮤지엄)
459,45,11,2,Tina Bartoletti V,경주 교촌마을
460,45,13,3,Tina Bartoletti V,경주 굴불사지 석조사면불상
461,45,23,4,Tina Bartoletti V,경주 남산 전 염불사지
462,45,26,2,Tina Bartoletti V,경주 남산동 동ㆍ서 삼층석탑
463,45,33,0,Tina Bartoletti V,경주 동방동 와요지
464,45,42,4,Tina Bartoletti V,경주 법흥왕릉
465,45,61,3,Tina Bartoletti V,경주 유연정
466,45,76,3,Tina Bartoletti V,경주 헌강왕릉
467,45,136,2,Tina Bartoletti V,삼릉숲
468,45,189,0,Tina Bartoletti V,흥무로 벚꽃길
469,45,192,2,Tina Bartoletti V,경주세계자동차박물관
470,45,204,1,Tina Bartoletti V,키덜트뮤지엄
471,46,30,4,William Crooks,경주 독락당
472,46,38,0,William Crooks,경주 문무대왕릉
473,46,66,4,William Crooks,경주 재매정
474,46,94,2,William Crooks,경주읍성
475,46,96,0,William Crooks,경주향교
476,46,121,0,William Crooks,망월사(경주)
477,46,161,2,William Crooks,월성한마음동산
478,46,162,4,William Crooks,월정교
479,46,169,1,William Crooks,정글의 법칙 미디어파크
480,46,180,3,William Crooks,통일전(경주)
481,46,190,4,William Crooks,경주문화원
482,46,194,2,William Crooks,경주어린이박물관
483,47,6,0,Ted Bechtelar Jr.,경주 감은사지
484,47,116,0,Ted Bechtelar Jr.,더케이경주호텔 스파온천
485,47,118,2,Ted Bechtelar Jr.,동강서원
486,47,170,0,Ted Bechtelar Jr.,주렁주렁 (경주 보문점)
487,47,180,2,Ted Bechtelar Jr.,통일전(경주)
488,48,2,2,Stacey Swift,감포항
489,48,21,4,Stacey Swift,경주 남산 용장사곡 삼층석탑
490,48,24,0,Stacey Swift,경주 남산 칠불암 마애불상군
491,48,44,4,Stacey Swift,경주 불국사 [유네스코 세계문화유산]
492,48,64,2,Stacey Swift,경주 일성왕릉
493,48,68,0,Stacey Swift,경주 정혜사지 십삼층석탑
494,48,95,4,Stacey Swift,경주핑크뮬리(경주핑크뮬리군락지)
495,48,116,0,Stacey Swift,더케이경주호텔 스파온천
496,48,121,2,Stacey Swift,망월사(경주)
497,48,124,1,Stacey Swift,문화체험마당 해누리
498,48,165,4,Stacey Swift,인용사지
499,48,172,3,Stacey Swift,직천서원
500,48,181,0,Stacey Swift,한국수력원자력 본사 홍보관
501,48,199,1,Stacey Swift,또봇정크아트뮤지엄(경주또봇정크아트뮤지엄)
502,49,7,2,Mrs. Joey Little,경주 경덕왕릉
503,49,11,0,Mrs. Joey Little,경주 교촌마을
504,49,18,1,Mrs. Joey Little,경주 남산 미륵곡 석조여래좌상
505,49,24,1,Mrs. Joey Little,경주 남산 칠불암 마애불상군
506,49,34,0,Mrs. Joey Little,경주 동부 사적지대
507,49,40,4,Mrs. Joey Little,경주 배동 석조여래삼존입상
508,49,54,1,Mrs. Joey Little,경주 쌈밥거리
509,49,67,4,Mrs. Joey Little,경주 정강왕릉
510,49,68,4,Mrs. Joey Little,경주 정혜사지 십삼층석탑
511,49,74,2,Mrs. Joey Little,경주 포석정지
512,49,107,0,Mrs. Joey Little,금장대 수변공원
513,49,122,0,Mrs. Joey Little,명활산성
514,49,160,1,Mrs. Joey Little,운곡서원
515,49,162,0,Mrs. Joey Little,월정교
516,49,181,2,Mrs. Joey Little,한국수력원자력 본사 홍보관
517,49,185,2,Mrs. Joey Little,화랑의언덕
518,49,186,1,Mrs. Joey Little,황룡원
519,49,195,0,Mrs. Joey Little,경주예술의전당
520,50,20,4,Mrs. Lorenzo Heidenreich,경주 남산 신선암 마애보살반가상
521,50,23,4,Mrs. Lorenzo Heidenreich,경주 남산 전 염불사지
522,50,38,1,Mrs. Lorenzo Heidenreich,경주 문무대왕릉
523,50,76,0,Mrs. Lorenzo Heidenreich,경주 헌강왕릉
524,50,97,2,Mrs. Lorenzo Heidenreich,골굴사(경주)
525,50,106,3,Mrs. Lorenzo Heidenreich,금장대
526,50,142,1,Mrs. Lorenzo Heidenreich,송대말 등대
527,50,160,1,Mrs. Lorenzo Heidenreich,운곡서원
528,50,167,0,Mrs. Lorenzo Heidenreich,전촌솔밭해변
529,50,171,4,Mrs. Lorenzo Heidenreich,주사암(경주)
530,50,178,2,Mrs. Lorenzo Heidenreich,토함산
531,50,183,1,Mrs. Lorenzo Heidenreich,화랑마을
532,51,10,1,Harriet Bernier,경주 골굴암 마애여래좌상
533,51,17,0,Harriet Bernier,경주 남산
534,51,33,4,Harriet Bernier,경주 동방동 와요지
535,51,100,3,Harriet Bernier,관성솔밭해변
536,51,101,4,Harriet Bernier,구강서원
537,51,116,1,Harriet Bernier,더케이경주호텔 스파온천
538,51,126,4,Harriet Bernier,보리사(경주)
539,51,148,2,Harriet Bernier,양남 주상절리군 (경북 동해안 국가지질공원)
540,51,166,0,Harriet Bernier,장산서원
541,51,169,3,Harriet Bernier,정글의 법칙 미디어파크
542,51,184,3,Harriet Bernier,화랑의 언덕
543,52,60,2,Miss Brandy Boyer MD,경주 월성(반월성)
544,52,68,0,Miss Brandy Boyer MD,경주 정혜사지 십삼층석탑
545,52,90,2,Miss Brandy Boyer MD,경주엑스포대공원
546,52,92,1,Miss Brandy Boyer MD,경주월드 어뮤즈먼트
547,52,102,0,Miss Brandy Boyer MD,국민힐링파크
548,52,122,4,Miss Brandy Boyer MD,명활산성
549,52,125,3,Miss Brandy Boyer MD,백률사(경주)
550,52,132,3,Miss Brandy Boyer MD,분황사
551,52,139,3,Miss Brandy Boyer MD,서악서원
552,52,140,4,Miss Brandy Boyer MD,선덕여왕공원
553,53,19,2,Gretchen Boyer,경주 남산 불곡 마애여래좌상
554,53,47,1,Gretchen Boyer,경주 서출지
555,53,50,3,Gretchen Boyer,경주 선덕여왕릉
556,53,84,0,Gretchen Boyer,경주능지탑지
557,53,141,1,Gretchen Boyer,성덕대왕신종
558,53,147,3,Gretchen Boyer,야호(夜好) 경주! 신라달빛기행(경주일원)
559,53,172,1,Gretchen Boyer,직천서원
560,53,180,1,Gretchen Boyer,통일전(경주)
561,53,206,0,Gretchen Boyer,황룡사역사문화관
562,54,15,0,Ken Ernser,경주 김유신묘
563,54,16,2,Ken Ernser,경주 나정
564,54,17,3,Ken Ernser,경주 남산
565,54,28,1,Ken Ernser,경주 내물왕릉
566,54,43,4,Ken Ernser,경주 보문관광단지
567,54,64,4,Ken Ernser,경주 일성왕릉
568,54,87,1,Ken Ernser,경주백악기월드(백악기월드)
569,54,89,4,Ken Ernser,경주시 관광특구
570,54,115,1,Ken Ernser,단석산
571,54,171,4,Ken Ernser,주사암(경주)
572,54,178,3,Ken Ernser,토함산
573,54,193,0,Ken Ernser,경주솔거미술관(솔거미술관)
574,55,17,2,Carmen Murphy IV,경주 남산
575,55,20,4,Carmen Murphy IV,경주 남산 신선암 마애보살반가상
576,55,35,3,Carmen Murphy IV,경주 마우나오션 관광단지
577,55,54,4,Carmen Murphy IV,경주 쌈밥거리
578,55,77,4,Carmen Murphy IV,경주 헌덕왕릉
579,55,81,3,Carmen Murphy IV,경주 효소왕릉
580,55,99,2,Carmen Murphy IV,관문산
581,55,114,4,Carmen Murphy IV,단구서원
582,55,137,2,Carmen Murphy IV,삼불사
583,55,143,2,Carmen Murphy IV,수리뫼 [한국전통음식체험교육원]
584,55,149,0,Carmen Murphy IV,양동 서백당
585,55,180,4,Carmen Murphy IV,통일전(경주)
586,55,185,1,Carmen Murphy IV,화랑의언덕
587,55,198,1,Carmen Murphy IV,동국대학교 WISE캠퍼스박물관
588,56,8,2,Guadalupe Bergstrom,경주 경애왕릉
589,56,83,2,Guadalupe Bergstrom,경주국립공원
590,56,106,2,Guadalupe Bergstrom,금장대
591,56,139,0,Guadalupe Bergstrom,서악서원
592,56,143,4,Guadalupe Bergstrom,수리뫼 [한국전통음식체험교육원]
593,56,148,2,Guadalupe Bergstrom,양남 주상절리군 (경북 동해안 국가지질공원)
594,56,181,1,Guadalupe Bergstrom,한국수력원자력 본사 홍보관
595,57,4,2,Paulette Schiller,경산서원
596,57,12,3,Paulette Schiller,경주 구정동 방형분
597,57,28,2,Paulette Schiller,경주 내물왕릉
598,57,35,3,Paulette Schiller,경주 마우나오션 관광단지
599,57,58,2,Paulette Schiller,경주 오릉
600,57,59,4,Paulette Schiller,경주 원성왕릉
601,57,68,0,Paulette Schiller,경주 정혜사지 십삼층석탑
602,57,86,1,Paulette Schiller,경주배리석불입상
603,57,104,2,Paulette Schiller,금곡사
604,57,109,0,Paulette Schiller,꽃마을 경주한방병원
605,57,125,0,Paulette Schiller,백률사(경주)
606,57,140,4,Paulette Schiller,선덕여왕공원
607,57,142,1,Paulette Schiller,송대말 등대
608,57,182,1,Paulette Schiller,한국역사문화음식학교 라선재
609,58,33,1,Brad Mills,경주 동방동 와요지
610,58,45,0,Brad Mills,경주 산에들레마을
611,58,55,4,Brad Mills,경주 양남 주상절리 전망대
612,58,135,3,Brad Mills,삼릉계곡마애석가여래좌상
613,58,146,0,Brad Mills,신라왕경숲
614,58,158,3,Brad Mills,용굴
615,58,159,0,Brad Mills,용산서원(경주)
616,59,15,0,Wallace Batz,경주 김유신묘
617,59,25,3,Wallace Batz,경주 남산 탑곡 마애불상군
618,59,34,0,Wallace Batz,경주 동부 사적지대
619,59,48,3,Wallace Batz,경주 석굴암 [유네스코 세계문화유산]
620,59,61,0,Wallace Batz,경주 유연정
621,59,73,0,Wallace Batz,경주 탈해왕릉
622,59,77,3,Wallace Batz,경주 헌덕왕릉
623,59,95,2,Wallace Batz,경주핑크뮬리(경주핑크뮬리군락지)
624,59,137,4,Wallace Batz,삼불사
625,59,142,2,Wallace Batz,송대말 등대
626,59,156,1,Wallace Batz,옥산서원 [유네스코 세계문화유산]
627,59,165,3,Wallace Batz,인용사지
628,59,168,2,Wallace Batz,전촌항
629,60,15,3,Duane Pollich,경주 김유신묘
630,60,75,1,Duane Pollich,경주 풍력발전(바람의언덕)
631,60,112,1,Duane Pollich,나정고운모래해변
632,60,114,3,Duane Pollich,단구서원
633,60,118,0,Duane Pollich,동강서원
634,60,120,3,Duane Pollich,마우나오션리조트 블루 워터
635,60,130,4,Duane Pollich,보문호
636,60,144,2,Duane Pollich,시나사진관
637,60,146,4,Duane Pollich,신라왕경숲
638,60,151,4,Duane Pollich,연동어촌체험마을
639,60,180,1,Duane Pollich,통일전(경주)
640,60,189,1,Duane Pollich,흥무로 벚꽃길
641,61,4,4,Kelly White,경산서원
642,61,12,4,Kelly White,경주 구정동 방형분
643,61,39,2,Kelly White,경주 배동 삼릉
644,61,65,0,Kelly White,경주 장항리 서 오층석탑
645,61,81,1,Kelly White,경주 효소왕릉
646,61,101,4,Kelly White,구강서원
647,61,106,3,Kelly White,금장대
648,61,115,2,Kelly White,단석산
649,61,120,3,Kelly White,마우나오션리조트 블루 워터
650,61,132,3,Kelly White,분황사
651,61,137,0,Kelly White,삼불사
652,61,138,4,Kelly White,삼화령
653,61,147,3,Kelly White,야호(夜好) 경주! 신라달빛기행(경주일원)
654,61,160,0,Kelly White,운곡서원
655,61,191,3,Kelly White,경주문화원 안강교육장
656,61,194,2,Kelly White,경주어린이박물관
657,62,15,4,Roland Denesik,경주 김유신묘
658,62,78,2,Roland Denesik,경주 황룡사지
659,62,85,2,Roland Denesik,경주민속공예촌
660,62,102,4,Roland Denesik,국민힐링파크
661,62,157,1,Roland Denesik,와우 주
662,62,171,2,Roland Denesik,주사암(경주)
663,62,174,4,Roland Denesik,천룡사(경주)
664,62,199,1,Roland Denesik,또봇정크아트뮤지엄(경주또봇정크아트뮤지엄)
665,63,43,1,Mr. Alexandra Nikolaus I,경주 보문관광단지
666,63,88,0,Mr. Alexandra Nikolaus I,경주석장동암각화
667,63,137,1,Mr. Alexandra Nikolaus I,삼불사
668,63,149,4,Mr. Alexandra Nikolaus I,양동 서백당
669,63,151,4,Mr. Alexandra Nikolaus I,연동어촌체험마을
670,63,165,3,Mr. Alexandra Nikolaus I,인용사지
671,63,198,4,Mr. Alexandra Nikolaus I,동국대학교 WISE캠퍼스박물관
672,63,202,0,Mr. Alexandra Nikolaus I,월성원자력홍보관
673,64,8,4,Kristi Brown,경주 경애왕릉
674,64,20,4,Kristi Brown,경주 남산 신선암 마애보살반가상
675,64,34,2,Kristi Brown,경주 동부 사적지대
676,64,57,3,Kristi Brown,경주 양동마을 [유네스코 세계문화유산]
677,64,73,0,Kristi Brown,경주 탈해왕릉
678,64,92,0,Kristi Brown,경주월드 어뮤즈먼트
679,64,113,2,Kristi Brown,남산 화강암 (경북 동해안 국가지질공원)
680,64,125,2,Kristi Brown,백률사(경주)
681,64,180,1,Kristi Brown,통일전(경주)
682,65,6,2,Roberta Treutel IV,경주 감은사지
683,65,14,3,Roberta Treutel IV,경주 금척리 고분군
684,65,47,3,Roberta Treutel IV,경주 서출지
685,65,62,3,Roberta Treutel IV,경주 율동 마애여래삼존입상
686,65,134,4,Roberta Treutel IV,블루원 워터파크
687,65,141,0,Roberta Treutel IV,성덕대왕신종
688,65,148,3,Roberta Treutel IV,양남 주상절리군 (경북 동해안 국가지질공원)
689,65,180,4,Roberta Treutel IV,통일전(경주)
690,66,17,1,Joanne Kertzmann,경주 남산
691,66,35,3,Joanne Kertzmann,경주 마우나오션 관광단지
692,66,37,4,Joanne Kertzmann,"경주 무열왕릉, 태종무열왕릉비"
693,66,46,2,Joanne Kertzmann,경주 서악동 고분군
694,66,70,3,Joanne Kertzmann,경주 진덕여왕릉
695,66,105,4,Joanne Kertzmann,금관총
696,66,148,2,Joanne Kertzmann,양남 주상절리군 (경북 동해안 국가지질공원)
697,66,179,2,Joanne Kertzmann,토함산자연휴양림
698,67,10,2,Henry Christiansen,경주 골굴암 마애여래좌상
699,67,39,2,Henry Christiansen,경주 배동 삼릉
700,67,43,3,Henry Christiansen,경주 보문관광단지
701,67,46,4,Henry Christiansen,경주 서악동 고분군
702,67,55,4,Henry Christiansen,경주 양남 주상절리 전망대
703,67,75,1,Henry Christiansen,경주 풍력발전(바람의언덕)
704,67,104,2,Henry Christiansen,금곡사
705,67,115,0,Henry Christiansen,단석산
706,68,42,0,Penny Towne,경주 법흥왕릉
707,68,57,0,Penny Towne,경주 양동마을 [유네스코 세계문화유산]
708,68,97,3,Penny Towne,골굴사(경주)
709,68,101,3,Penny Towne,구강서원
710,68,112,2,Penny Towne,나정고운모래해변
711,68,146,3,Penny Towne,신라왕경숲
712,68,168,0,Penny Towne,전촌항
713,68,196,0,Penny Towne,경주화백컨벤션센터
714,69,25,3,Salvador Balistreri,경주 남산 탑곡 마애불상군
715,69,29,3,Salvador Balistreri,경주 대릉원 일원
716,69,30,3,Salvador Balistreri,경주 독락당
717,69,65,0,Salvador Balistreri,경주 장항리 서 오층석탑
718,69,74,1,Salvador Balistreri,경주 포석정지
719,69,113,0,Salvador Balistreri,남산 화강암 (경북 동해안 국가지질공원)
720,69,155,0,Salvador Balistreri,옥산 세심마을
721,69,160,4,Salvador Balistreri,운곡서원
722,69,202,1,Salvador Balistreri,월성원자력홍보관
723,69,203,4,Salvador Balistreri,추억의 달동네
724,70,3,0,Christy Kozey,건천편백나무숲
725,70,8,0,Christy Kozey,경주 경애왕릉
726,70,13,0,Christy Kozey,경주 굴불사지 석조사면불상
727,70,39,2,Christy Kozey,경주 배동 삼릉
728,70,83,3,Christy Kozey,경주국립공원
729,70,89,1,Christy Kozey,경주시 관광특구
730,70,105,3,Christy Kozey,금관총
731,70,107,3,Christy Kozey,금장대 수변공원
732,70,125,4,Christy Kozey,백률사(경주)
733,70,143,4,Christy Kozey,수리뫼 [한국전통음식체험교육원]
734,70,162,2,Christy Kozey,월정교
735,70,180,4,Christy Kozey,통일전(경주)
736,70,187,3,Christy Kozey,황성공원
737,71,24,0,Mr. Cora Gerhold,경주 남산 칠불암 마애불상군
738,71,97,4,Mr. Cora Gerhold,골굴사(경주)
739,71,175,1,Mr. Cora Gerhold,천마총(대릉원)
740,71,189,4,Mr. Cora Gerhold,흥무로 벚꽃길
741,72,17,0,Ms. Irvin Crona,경주 남산
742,72,98,2,Ms. Irvin Crona,골굴암 타포니 (경북 동해안 국가지질공원)
743,72,136,3,Ms. Irvin Crona,삼릉숲
744,72,139,2,Ms. Irvin Crona,서악서원
745,72,142,3,Ms. Irvin Crona,송대말 등대
746,72,157,4,Ms. Irvin Crona,와우 주
747,72,183,3,Ms. Irvin Crona,화랑마을
748,73,3,4,Joey Klocko,건천편백나무숲
749,73,27,2,Joey Klocko,경주 낭산 일원
750,73,41,4,Joey Klocko,경주 버드파크
751,73,48,1,Joey Klocko,경주 석굴암 [유네스코 세계문화유산]
752,73,67,0,Joey Klocko,경주 정강왕릉
753,73,69,3,Joey Klocko,경주 지마왕릉
754,73,75,2,Joey Klocko,경주 풍력발전(바람의언덕)
755,73,90,1,Joey Klocko,경주엑스포대공원
756,73,106,4,Joey Klocko,금장대
757,73,147,1,Joey Klocko,야호(夜好) 경주! 신라달빛기행(경주일원)
758,73,151,2,Joey Klocko,연동어촌체험마을
759,73,152,0,Joey Klocko,연지암(경주)
760,73,162,1,Joey Klocko,월정교
761,73,173,0,Joey Klocko,진평왕릉
762,73,204,3,Joey Klocko,키덜트뮤지엄
763,74,6,2,Ryan Tremblay,경주 감은사지
764,74,23,4,Ryan Tremblay,경주 남산 전 염불사지
765,74,26,4,Ryan Tremblay,경주 남산동 동ㆍ서 삼층석탑
766,74,28,0,Ryan Tremblay,경주 내물왕릉
767,74,45,2,Ryan Tremblay,경주 산에들레마을
768,74,56,4,Ryan Tremblay,경주 양동 무첨당
769,74,57,1,Ryan Tremblay,경주 양동마을 [유네스코 세계문화유산]
770,74,86,1,Ryan Tremblay,경주배리석불입상
771,74,109,1,Ryan Tremblay,꽃마을 경주한방병원
772,74,119,3,Ryan Tremblay,동창천 청룡폭포(청룡인공폭포)
773,74,135,3,Ryan Tremblay,삼릉계곡마애석가여래좌상
774,74,138,4,Ryan Tremblay,삼화령
775,74,169,1,Ryan Tremblay,정글의 법칙 미디어파크
776,74,170,4,Ryan Tremblay,주렁주렁 (경주 보문점)
777,74,172,4,Ryan Tremblay,직천서원
778,74,175,2,Ryan Tremblay,천마총(대릉원)
779,75,54,0,Nicolas Aufderhar,경주 쌈밥거리
780,75,56,2,Nicolas Aufderhar,경주 양동 무첨당
781,75,58,1,Nicolas Aufderhar,경주 오릉
782,75,59,0,Nicolas Aufderhar,경주 원성왕릉
783,75,67,2,Nicolas Aufderhar,경주 정강왕릉
784,75,127,1,Nicolas Aufderhar,보리사마애석불
785,75,136,1,Nicolas Aufderhar,삼릉숲
786,75,150,2,Nicolas Aufderhar,양산재
787,75,176,4,Nicolas Aufderhar,충의당
788,76,11,3,Darlene Halvorson,경주 교촌마을
789,76,16,1,Darlene Halvorson,경주 나정
790,76,67,0,Darlene Halvorson,경주 정강왕릉
791,76,89,1,Darlene Halvorson,경주시 관광특구
792,76,92,4,Darlene Halvorson,경주월드 어뮤즈먼트
793,76,93,0,Darlene Halvorson,경주월드 캘리포니아비치
794,76,131,3,Darlene Halvorson,봉길대왕암해변
795,76,145,2,Darlene Halvorson,신라 월성대군 단소
796,76,150,2,Darlene Halvorson,양산재
797,76,155,1,Darlene Halvorson,옥산 세심마을
798,77,6,0,Mrs. Kristin Monahan,경주 감은사지
799,77,9,4,Mrs. Kristin Monahan,경주 계림
800,77,14,2,Mrs. Kristin Monahan,경주 금척리 고분군
801,77,17,4,Mrs. Kristin Monahan,경주 남산
802,77,38,4,Mrs. Kristin Monahan,경주 문무대왕릉
803,77,42,0,Mrs. Kristin Monahan,경주 법흥왕릉
804,77,51,1,Mrs. Kristin Monahan,경주 성덕왕릉
805,77,61,1,Mrs. Kristin Monahan,경주 유연정
806,77,103,4,Mrs. Kristin Monahan,귀산서원
807,77,135,3,Mrs. Kristin Monahan,삼릉계곡마애석가여래좌상
808,77,137,1,Mrs. Kristin Monahan,삼불사
809,77,160,2,Mrs. Kristin Monahan,운곡서원
810,77,168,3,Mrs. Kristin Monahan,전촌항
811,77,172,2,Mrs. Kristin Monahan,직천서원
812,77,189,1,Mrs. Kristin Monahan,흥무로 벚꽃길
813,78,22,0,Brent Fahey,경주 남산 용장사지 마애여래좌상
814,78,32,3,Brent Fahey,경주 동궁원
815,78,47,1,Brent Fahey,경주 서출지
816,78,55,0,Brent Fahey,경주 양남 주상절리 전망대
817,78,83,4,Brent Fahey,경주국립공원
818,78,105,0,Brent Fahey,금관총
819,78,110,4,Brent Fahey,나산서원
820,78,140,1,Brent Fahey,선덕여왕공원
821,78,169,4,Brent Fahey,정글의 법칙 미디어파크
822,78,196,4,Brent Fahey,경주화백컨벤션센터
823,78,204,4,Brent Fahey,키덜트뮤지엄
824,79,8,1,Vernon Ledner,경주 경애왕릉
825,79,38,3,Vernon Ledner,경주 문무대왕릉
826,79,71,1,Vernon Ledner,경주 첨성대
827,79,78,0,Vernon Ledner,경주 황룡사지
828,79,149,2,Vernon Ledner,양동 서백당
829,79,169,1,Vernon Ledner,정글의 법칙 미디어파크
830,79,172,3,Vernon Ledner,직천서원
831,79,178,2,Vernon Ledner,토함산
832,79,189,2,Vernon Ledner,흥무로 벚꽃길
833,79,205,2,Vernon Ledner,한국대중음악박물관 (경주)
834,80,9,2,Dr. Isabel Rau,경주 계림
835,80,47,0,Dr. Isabel Rau,경주 서출지
836,80,51,3,Dr. Isabel Rau,경주 성덕왕릉
837,80,63,0,Dr. Isabel Rau,경주 이견대
838,80,120,4,Dr. Isabel Rau,마우나오션리조트 블루 워터
839,80,134,2,Dr. Isabel Rau,블루원 워터파크
840,80,138,0,Dr. Isabel Rau,삼화령
841,80,139,1,Dr. Isabel Rau,서악서원
842,80,143,1,Dr. Isabel Rau,수리뫼 [한국전통음식체험교육원]
843,80,146,4,Dr. Isabel Rau,신라왕경숲
844,80,150,1,Dr. Isabel Rau,양산재
845,80,159,0,Dr. Isabel Rau,용산서원(경주)
846,80,165,1,Dr. Isabel Rau,인용사지
847,80,166,2,Dr. Isabel Rau,장산서원
848,80,173,2,Dr. Isabel Rau,진평왕릉
849,80,188,0,Dr. Isabel Rau,흥무공원
850,81,50,3,Angelo Hills,경주 선덕여왕릉
851,81,53,1,Angelo Hills,경주 신문왕릉
852,81,65,3,Angelo Hills,경주 장항리 서 오층석탑
853,81,67,4,Angelo Hills,경주 정강왕릉
854,81,78,0,Angelo Hills,경주 황룡사지
855,81,85,1,Angelo Hills,경주민속공예촌
856,81,91,0,Angelo Hills,경주역사유적지구[유네스코 세계문화유산]
857,81,93,2,Angelo Hills,경주월드 캘리포니아비치
858,81,97,4,Angelo Hills,골굴사(경주)
859,81,108,4,Angelo Hills,기림사
860,81,179,1,Angelo Hills,토함산자연휴양림
861,81,196,1,Angelo Hills,경주화백컨벤션센터
862,82,8,0,Judith Lubowitz,경주 경애왕릉
863,82,13,0,Judith Lubowitz,경주 굴불사지 석조사면불상
864,82,19,3,Judith Lubowitz,경주 남산 불곡 마애여래좌상
865,82,28,0,Judith Lubowitz,경주 내물왕릉
866,82,70,4,Judith Lubowitz,경주 진덕여왕릉
867,82,109,3,Judith Lubowitz,꽃마을 경주한방병원
868,82,111,3,Judith Lubowitz,나아해변
869,82,163,3,Judith Lubowitz,육부전
870,82,186,3,Judith Lubowitz,황룡원
871,82,205,2,Judith Lubowitz,한국대중음악박물관 (경주)
872,83,73,1,Teri Stanton,경주 탈해왕릉
873,83,98,2,Teri Stanton,골굴암 타포니 (경북 동해안 국가지질공원)
874,83,164,2,Teri Stanton,이상복경주빵
875,83,169,0,Teri Stanton,정글의 법칙 미디어파크
876,83,177,2,Teri Stanton,코라드 청정누리공원(코라디움)
877,83,190,4,Teri Stanton,경주문화원
878,84,17,3,Lance Yost,경주 남산
879,84,29,1,Lance Yost,경주 대릉원 일원
880,84,38,4,Lance Yost,경주 문무대왕릉
881,84,86,0,Lance Yost,경주배리석불입상
882,84,103,1,Lance Yost,귀산서원
883,84,129,1,Lance Yost,보문정 (경주)
884,84,186,4,Lance Yost,황룡원
885,85,33,0,Mr. Marc Wolf,경주 동방동 와요지
886,85,44,0,Mr. Marc Wolf,경주 불국사 [유네스코 세계문화유산]
887,85,47,0,Mr. Marc Wolf,경주 서출지
888,85,60,2,Mr. Marc Wolf,경주 월성(반월성)
889,85,64,2,Mr. Marc Wolf,경주 일성왕릉
890,85,100,4,Mr. Marc Wolf,관성솔밭해변
891,85,109,2,Mr. Marc Wolf,꽃마을 경주한방병원
892,85,129,4,Mr. Marc Wolf,보문정 (경주)
893,85,138,1,Mr. Marc Wolf,삼화령
894,85,141,4,Mr. Marc Wolf,성덕대왕신종
895,86,25,4,Lauren Mitchell,경주 남산 탑곡 마애불상군
896,86,33,1,Lauren Mitchell,경주 동방동 와요지
897,86,107,1,Lauren Mitchell,금장대 수변공원
898,86,108,3,Lauren Mitchell,기림사
899,86,116,0,Lauren Mitchell,더케이경주호텔 스파온천
900,86,138,3,Lauren Mitchell,삼화령
901,86,152,1,Lauren Mitchell,연지암(경주)
902,86,163,3,Lauren Mitchell,육부전
903,86,176,0,Lauren Mitchell,충의당
904,86,186,2,Lauren Mitchell,황룡원
905,87,19,4,Regina Jacobi,경주 남산 불곡 마애여래좌상
906,87,26,0,Regina Jacobi,경주 남산동 동ㆍ서 삼층석탑
907,87,27,2,Regina Jacobi,경주 낭산 일원
908,87,40,1,Regina Jacobi,경주 배동 석조여래삼존입상
909,87,93,1,Regina Jacobi,경주월드 캘리포니아비치
910,87,94,2,Regina Jacobi,경주읍성
911,87,113,3,Regina Jacobi,남산 화강암 (경북 동해안 국가지질공원)
912,87,123,3,Regina Jacobi,무장산
913,87,130,1,Regina Jacobi,보문호
914,87,154,1,Regina Jacobi,오류고아라해변
915,87,158,0,Regina Jacobi,용굴
916,87,189,1,Regina Jacobi,흥무로 벚꽃길
917,88,17,4,Kelley Bergnaum,경주 남산
918,88,30,0,Kelley Bergnaum,경주 독락당
919,88,35,1,Kelley Bergnaum,경주 마우나오션 관광단지
920,88,44,2,Kelley Bergnaum,경주 불국사 [유네스코 세계문화유산]
921,88,71,1,Kelley Bergnaum,경주 첨성대
922,88,151,0,Kelley Bergnaum,연동어촌체험마을
923,88,163,3,Kelley Bergnaum,육부전
924,88,194,0,Kelley Bergnaum,경주어린이박물관
925,89,20,4,Tanya DuBuque IV,경주 남산 신선암 마애보살반가상
926,89,72,2,Tanya DuBuque IV,경주 최준선생 생가 (경주최부자댁)
927,89,78,3,Tanya DuBuque IV,경주 황룡사지
928,89,85,3,Tanya DuBuque IV,경주민속공예촌
929,89,87,1,Tanya DuBuque IV,경주백악기월드(백악기월드)
930,89,91,1,Tanya DuBuque IV,경주역사유적지구[유네스코 세계문화유산]
931,89,93,1,Tanya DuBuque IV,경주월드 캘리포니아비치
932,89,97,3,Tanya DuBuque IV,골굴사(경주)
933,89,114,0,Tanya DuBuque IV,단구서원
934,89,116,3,Tanya DuBuque IV,더케이경주호텔 스파온천
935,89,163,4,Tanya DuBuque IV,육부전
936,90,12,4,Mrs. Wallace Yundt,경주 구정동 방형분
937,90,142,2,Mrs. Wallace Yundt,송대말 등대
938,90,149,2,Mrs. Wallace Yundt,양동 서백당
939,90,175,2,Mrs. Wallace Yundt,천마총(대릉원)
940,90,180,2,Mrs. Wallace Yundt,통일전(경주)
941,91,22,2,Harold O'Connell,경주 남산 용장사지 마애여래좌상
942,91,45,4,Harold O'Connell,경주 산에들레마을
943,91,94,1,Harold O'Connell,경주읍성
944,91,96,2,Harold O'Connell,경주향교
945,91,117,4,Harold O'Connell,도리마을은행나무숲
946,91,121,3,Harold O'Connell,망월사(경주)
947,91,122,2,Harold O'Connell,명활산성
948,91,148,3,Harold O'Connell,양남 주상절리군 (경북 동해안 국가지질공원)
949,91,155,3,Harold O'Connell,옥산 세심마을
950,91,157,4,Harold O'Connell,와우 주
951,91,167,2,Harold O'Connell,전촌솔밭해변
952,91,174,4,Harold O'Connell,천룡사(경주)
953,91,178,2,Harold O'Connell,토함산
954,92,12,4,Jane Miller,경주 구정동 방형분
955,92,15,3,Jane Miller,경주 김유신묘
956,92,33,2,Jane Miller,경주 동방동 와요지
957,92,64,2,Jane Miller,경주 일성왕릉
958,92,103,1,Jane Miller,귀산서원
959,92,132,2,Jane Miller,분황사
960,92,164,0,Jane Miller,이상복경주빵
961,92,167,0,Jane Miller,전촌솔밭해변
962,92,182,4,Jane Miller,한국역사문화음식학교 라선재
963,93,26,3,Mrs. Gene Bailey,경주 남산동 동ㆍ서 삼층석탑
964,93,31,2,Mrs. Gene Bailey,경주 동궁과 월지
965,93,55,0,Mrs. Gene Bailey,경주 양남 주상절리 전망대
966,93,61,4,Mrs. Gene Bailey,경주 유연정
967,93,65,1,Mrs. Gene Bailey,경주 장항리 서 오층석탑
968,93,75,4,Mrs. Gene Bailey,경주 풍력발전(바람의언덕)
969,93,98,4,Mrs. Gene Bailey,골굴암 타포니 (경북 동해안 국가지질공원)
970,93,110,1,Mrs. Gene Bailey,나산서원
971,93,123,1,Mrs. Gene Bailey,무장산
972,93,128,1,Mrs. Gene Bailey,보문숲머리먹거리촌
973,93,151,2,Mrs. Gene Bailey,연동어촌체험마을
974,93,152,1,Mrs. Gene Bailey,연지암(경주)
975,93,175,0,Mrs. Gene Bailey,천마총(대릉원)
976,93,197,4,Mrs. Gene Bailey,국립경주박물관
977,94,7,2,Antonia Feil,경주 경덕왕릉
978,94,44,1,Antonia Feil,경주 불국사 [유네스코 세계문화유산]
979,94,45,0,Antonia Feil,경주 산에들레마을
980,94,55,4,Antonia Feil,경주 양남 주상절리 전망대
981,94,65,3,Antonia Feil,경주 장항리 서 오층석탑
982,94,75,2,Antonia Feil,경주 풍력발전(바람의언덕)
983,94,83,2,Antonia Feil,경주국립공원
984,94,92,2,Antonia Feil,경주월드 어뮤즈먼트
985,94,98,1,Antonia Feil,골굴암 타포니 (경북 동해안 국가지질공원)
986,94,113,3,Antonia Feil,남산 화강암 (경북 동해안 국가지질공원)
987,94,120,0,Antonia Feil,마우나오션리조트 블루 워터
988,94,128,0,Antonia Feil,보문숲머리먹거리촌
989,94,132,2,Antonia Feil,분황사
990,94,144,3,Antonia Feil,시나사진관
991,94,175,4,Antonia Feil,천마총(대릉원)
992,94,202,2,Antonia Feil,월성원자력홍보관
993,95,4,1,Jan Kilback,경산서원
994,95,26,0,Jan Kilback,경주 남산동 동ㆍ서 삼층석탑
995,95,28,3,Jan Kilback,경주 내물왕릉
996,95,47,2,Jan Kilback,경주 서출지
997,95,59,1,Jan Kilback,경주 원성왕릉
998,95,66,4,Jan Kilback,경주 재매정
999,95,92,0,Jan Kilback,경주월드 어뮤즈먼트
1000,95,107,2,Jan Kilback,금장대 수변공원
1001,95,140,1,Jan Kilback,선덕여왕공원
1002,95,166,2,Jan Kilback,장산서원
1003,95,168,2,Jan Kilback,전촌항
1004,95,177,3,Jan Kilback,코라드 청정누리공원(코라디움)
1005,95,195,3,Jan Kilback,경주예술의전당
1006,96,15,0,Marsha Crist,경주 김유신묘
1007,96,25,4,Marsha Crist,경주 남산 탑곡 마애불상군
1008,96,26,3,Marsha Crist,경주 남산동 동ㆍ서 삼층석탑
1009,96,27,2,Marsha Crist,경주 낭산 일원
1010,96,52,1,Marsha Crist,경주 신무왕릉
1011,96,80,1,Marsha Crist,경주 효공왕릉
1012,96,92,1,Marsha Crist,경주월드 어뮤즈먼트
1013,96,204,3,Marsha Crist,키덜트뮤지엄
1014,97,8,0,Rochelle Johns,경주 경애왕릉
1015,97,33,0,Rochelle Johns,경주 동방동 와요지
1016,97,42,4,Rochelle Johns,경주 법흥왕릉
1017,97,55,0,Rochelle Johns,경주 양남 주상절리 전망대
1018,97,61,4,Rochelle Johns,경주 유연정
1019,97,89,1,Rochelle Johns,경주시 관광특구
1020,97,92,2,Rochelle Johns,경주월드 어뮤즈먼트
1021,97,99,4,Rochelle Johns,관문산
1022,97,109,4,Rochelle Johns,꽃마을 경주한방병원
1023,97,121,0,Rochelle Johns,망월사(경주)
1024,97,126,4,Rochelle Johns,보리사(경주)
1025,97,131,2,Rochelle Johns,봉길대왕암해변
1026,97,154,2,Rochelle Johns,오류고아라해변
1027,97,161,2,Rochelle Johns,월성한마음동산
1028,97,181,4,Rochelle Johns,한국수력원자력 본사 홍보관
1029,97,204,2,Rochelle Johns,키덜트뮤지엄
1030,98,3,0,Opal Bogan,건천편백나무숲
1031,98,7,2,Opal Bogan,경주 경덕왕릉
1032,98,10,2,Opal Bogan,경주 골굴암 마애여래좌상
1033,98,42,3,Opal Bogan,경주 법흥왕릉
1034,98,95,2,Opal Bogan,경주핑크뮬리(경주핑크뮬리군락지)
1035,98,96,3,Opal Bogan,경주향교
1036,98,106,4,Opal Bogan,금장대
1037,98,161,3,Opal Bogan,월성한마음동산
1038,99,24,1,Vera Franecki,경주 남산 칠불암 마애불상군
1039,99,29,0,Vera Franecki,경주 대릉원 일원
1040,99,53,2,Vera Franecki,경주 신문왕릉
1041,99,87,0,Vera Franecki,경주백악기월드(백악기월드)
1042,99,140,2,Vera Franecki,선덕여왕공원
1043,99,152,2,Vera Franecki,연지암(경주)
1044,99,162,3,Vera Franecki,월정교
1045,99,165,0,Vera Franecki,인용사지
1046,99,177,4,Vera Franecki,코라드 청정누리공원(코라디움)
1047,100,4,3,Maggie Bashirian Sr.,경산서원
1048,100,34,2,Maggie Bashirian Sr.,경주 동부 사적지대
1049,100,36,3,Maggie Bashirian Sr.,경주 망덕사지
1050,100,50,1,Maggie Bashirian Sr.,경주 선덕여왕릉
1051,100,60,3,Maggie Bashirian Sr.,경주 월성(반월성)
1052,100,88,4,Maggie Bashirian Sr.,경주석장동암각화
1053,100,98,0,Maggie Bashirian Sr.,골굴암 타포니 (경북 동해안 국가지질공원)
1054,100,120,4,Maggie Bashirian Sr.,마우나오션리조트 블루 워터
1055,100,149,4,Maggie Bashirian Sr.,양동 서백당
1056,100,159,4,Maggie Bashirian Sr.,용산서원(경주)
1057,100,204,2,Maggie Bashirian Sr.,키덜트뮤지엄
